City_ID,City,Country,Date,Lat,Lng,Max Temp,Humidity,Cloudiness,Wind Speed
0,Pasighat,IN,2022-03-20 04:08:19,28.0667,95.3333,87.8,25,86,3.74
1,Barrow,US,2022-03-20 04:08:40,71.2906,-156.7887,-12.98,77,0,9.22
2,Tongren,CN,2022-03-20 04:08:40,27.7172,109.1853,49.69,90,100,5.19
3,Busselton,AU,2022-03-20 04:08:41,-33.65,115.3333,78.8,50,100,7.38
4,Punta Arenas,CL,2022-03-20 04:08:41,-53.15,-70.9167,48.31,66,0,11.5
5,Zalantun,CN,2022-03-20 04:08:42,48.0,122.7167,27.82,46,82,3.44
6,Ganzhou,CN,2022-03-20 04:08:43,28.8184,115.4327,52.9,87,100,6.13
7,Svetlyy,RU,2022-03-20 04:08:43,54.675,20.1347,32.97,71,2,5.77
8,Lebu,CL,2022-03-20 04:08:44,-37.6167,-73.65,54.27,72,100,6.44
9,Tautira,PF,2022-03-20 04:08:44,-17.7333,-149.15,82.53,73,27,15.05
10,Cherskiy,RU,2022-03-20 04:08:44,68.75,161.3,16.09,83,13,9.64
11,New Norfolk,AU,2022-03-20 04:08:45,-42.7826,147.0587,71.1,53,100,3.94
12,Port-Gentil,GA,2022-03-20 04:08:36,-0.7193,8.7815,81.09,78,71,12.24
13,Kahului,US,2022-03-20 04:04:28,20.8947,-156.47,80.62,68,20,14.97
14,Bredasdorp,ZA,2022-03-20 04:08:46,-34.5322,20.0403,69.17,84,59,8.95
15,Port Elizabeth,ZA,2022-03-20 04:08:47,-33.918,25.5701,69.31,99,100,4.0
16,Bardiyah,LY,2022-03-20 04:08:48,31.7561,25.0865,52.03,54,92,21.09
17,Guerrero Negro,MX,2022-03-20 04:08:48,27.9769,-114.0611,59.97,84,0,15.01
18,Havre,FR,2022-03-20 04:08:49,49.5833,0.3333,42.57,49,0,12.66
19,Nanortalik,GL,2022-03-20 04:08:49,60.1432,-45.2371,13.69,88,80,9.13
20,Rikitea,PF,2022-03-20 04:08:50,-23.1203,-134.9692,80.64,74,26,10.22
21,Hilo,US,2022-03-20 04:08:51,19.7297,-155.09,75.25,87,40,10.36
22,Kirakira,SB,2022-03-20 04:08:51,-10.4544,161.9205,85.12,70,99,8.5
23,Richards Bay,ZA,2022-03-20 04:08:52,-28.783,32.0377,65.25,81,79,4.16
24,Albany,US,2022-03-20 04:08:27,42.6001,-73.9662,53.38,92,61,7.05
25,Ponta Do Sol,PT,2022-03-20 04:08:52,32.6667,-17.1,60.06,77,49,14.85
26,Bluff,NZ,2022-03-20 04:08:53,-46.6,168.3333,66.79,73,56,16.84
27,Hamilton,US,2022-03-20 04:07:40,39.1834,-84.5333,42.76,92,100,10.36
28,Mataura,NZ,2022-03-20 04:08:54,-46.1927,168.8643,66.47,45,37,4.18
29,Jamestown,US,2022-03-20 04:08:54,42.097,-79.2353,45.01,65,100,13.8
30,Vrangel,RU,2022-03-20 04:08:55,42.7297,133.0839,34.2,47,53,11.05
31,Letnyaya Stavka,RU,2022-03-20 04:08:55,45.4306,43.4472,23.92,67,0,9.44
32,Krasnoselkup,RU,2022-03-20 04:08:56,65.7,82.4667,27.5,96,100,12.91
33,Puerto Ayora,EC,2022-03-20 04:08:56,-0.7393,-90.3518,78.33,81,25,4.38
34,Roebourne,AU,2022-03-20 04:08:57,-20.7833,117.1333,95.36,38,15,5.91
35,Raahe,FI,2022-03-20 04:08:57,64.6833,24.4833,37.49,78,99,13.71
36,Qaanaaq,GL,2022-03-20 04:08:58,77.484,-69.3632,-7.98,94,100,6.82
37,Debre Tabor,ET,2022-03-20 04:07:16,11.85,38.0167,56.12,61,39,3.53
38,Castro,BR,2022-03-20 04:08:59,-24.7911,-50.0119,62.82,95,99,7.02
39,Bethel,US,2022-03-20 04:08:59,41.3712,-73.414,57.29,92,100,3.44
40,Ano Mera,GR,2022-03-20 04:09:00,37.45,25.4,43.66,55,99,33.26
41,Saint-Francois,FR,2022-03-20 04:09:01,46.4154,3.9054,44.04,87,97,3.44
42,Neman,RU,2022-03-20 04:09:01,55.0311,22.0264,33.31,84,4,3.36
43,Katsuura,JP,2022-03-20 04:09:02,35.1333,140.3,52.16,52,83,9.4
44,Vassouras,BR,2022-03-20 04:09:03,-22.4039,-43.6625,67.89,94,90,1.12
45,Chumikan,RU,2022-03-20 04:10:03,54.7183,135.315,19.6,75,81,15.12
46,Roma,US,2022-03-20 04:10:04,43.2128,-75.4557,52.72,94,100,3.44
47,Husavik,IS,2022-03-20 04:10:04,66.0449,-17.3389,45.52,70,100,32.37
48,Coihaique,CL,2022-03-20 04:10:02,-45.5752,-72.0662,48.81,76,0,2.3
49,Bambous Virieux,MU,2022-03-20 04:10:05,-20.3428,57.7575,84.22,94,75,0.0
50,Hobart,AU,2022-03-20 04:10:05,-42.8794,147.3294,71.46,61,75,5.75
51,Kodiak,US,2022-03-20 04:10:06,57.79,-152.4072,36.91,75,100,17.27
52,Portland,US,2022-03-20 04:09:04,45.5234,-122.6762,45.79,68,40,5.75
53,Sitka,US,2022-03-20 04:10:07,57.0531,-135.33,39.09,75,40,8.05
54,Hofn,IS,2022-03-20 04:10:07,64.2539,-15.2082,45.73,92,100,30.74
55,Marawi,PH,2022-03-20 04:09:54,7.9986,124.2928,80.56,68,99,5.61
56,Chokurdakh,RU,2022-03-20 04:10:08,70.6333,147.9167,0.19,90,100,6.31
57,Ushuaia,AR,2022-03-20 04:06:15,-54.8,-68.3,38.14,87,100,11.07
58,Keningau,MY,2022-03-20 04:10:09,5.3378,116.1602,83.84,76,100,0.63
59,Cabo San Lucas,MX,2022-03-20 04:09:57,22.8909,-109.9124,73.51,59,52,9.64
60,Pochutla,MX,2022-03-20 04:10:09,15.7432,-96.4661,77.83,66,7,3.65
61,Krasnomayskiy,RU,2022-03-20 04:10:10,57.6194,34.4099,29.71,92,31,8.72
62,Ler,SS,2022-03-20 04:10:11,8.3018,30.1418,79.92,24,76,5.21
63,Bengkulu,ID,2022-03-20 04:10:11,-3.8004,102.2655,83.89,64,97,4.68
64,Ribeira Grande,PT,2022-03-20 04:10:12,38.5167,-28.7,58.03,70,97,23.38
65,Mount Isa,AU,2022-03-20 04:10:13,-20.7333,139.5,98.37,16,44,11.5
66,Port Alfred,ZA,2022-03-20 04:10:13,-33.5906,26.891,70.61,86,16,3.98
67,Carnarvon,AU,2022-03-20 04:10:14,-24.8667,113.6333,84.27,65,14,14.97
68,Bjornevatn,NO,2022-03-20 04:10:14,69.6672,29.9847,34.14,86,75,17.27
69,Kaitangata,NZ,2022-03-20 04:10:15,-46.2817,169.8464,62.04,68,56,11.39
70,Havoysund,NO,2022-03-20 04:10:16,70.9963,24.6622,35.96,64,100,28.27
71,Rio Grande,BR,2022-03-20 04:10:16,-32.035,-52.0986,56.95,62,66,16.13
72,Svetlaya,RU,2022-03-20 04:10:17,46.5389,138.3297,31.32,68,34,6.89
73,Severo-Kurilsk,RU,2022-03-20 04:08:58,50.6789,156.125,32.27,98,100,33.26
74,Avarua,CK,2022-03-20 04:10:17,-21.2078,-159.775,82.45,74,49,2.3
75,Szczecin,PL,2022-03-20 04:08:54,53.4289,14.553,38.28,82,0,7.0
76,Hithadhoo,MV,2022-03-20 04:10:18,-0.6,73.0833,83.26,73,100,16.42
77,Ilulissat,GL,2022-03-20 04:10:18,69.2167,-51.1,-0.38,71,75,0.0
78,Nikolskoye,RU,2022-03-20 04:10:19,59.7035,30.7861,33.87,86,0,8.7
79,Yellowknife,CA,2022-03-20 04:10:19,62.456,-114.3525,18.12,100,100,8.05
80,Buala,SB,2022-03-20 04:10:20,-8.145,159.5921,83.5,77,62,5.32
81,Vaini,TO,2022-03-20 04:10:21,-21.2,-175.2,75.36,94,100,14.97
82,Mahibadhoo,MV,2022-03-20 04:10:21,3.7833,72.9667,82.63,73,62,15.82
83,Cape Town,ZA,2022-03-20 04:10:22,-33.9258,18.4232,68.41,85,0,13.8
84,Khatanga,RU,2022-03-20 04:10:22,71.9667,102.5,11.14,95,99,7.78
85,Dikson,RU,2022-03-20 04:10:23,73.5069,80.5464,6.37,97,100,2.39
86,Hermanus,ZA,2022-03-20 04:10:23,-34.4187,19.2345,70.81,89,31,9.51
87,Esperance,AU,2022-03-20 04:10:24,-33.8667,121.9,77.4,58,99,8.1
88,Natal,BR,2022-03-20 04:10:24,-5.795,-35.2094,75.85,100,20,3.44
89,Korla,CN,2022-03-20 04:10:25,41.7597,86.1469,48.43,32,100,12.5
90,Codrington,AU,2022-03-20 04:10:25,-38.2667,141.9667,68.77,66,99,10.07
91,Mar Del Plata,AR,2022-03-20 04:11:09,-38.0023,-57.5575,55.09,67,0,6.91
92,Charters Towers,AU,2022-03-20 04:11:27,-20.1,146.2667,90.12,32,79,10.02
93,Ilinskiy,RU,2022-03-20 04:11:27,55.619,38.1182,26.94,74,0,4.47
94,Siaya,KE,2022-03-20 04:11:28,0.0612,34.2882,66.43,76,100,4.34
95,Salta,AR,2022-03-20 04:11:28,-24.7859,-65.4117,59.58,91,100,3.0
96,Vila Velha,BR,2022-03-20 04:10:00,-20.3297,-40.2925,76.95,93,0,3.44
97,Butaritari,KI,2022-03-20 04:11:29,3.0707,172.7902,80.64,82,32,17.25
98,Sur,OM,2022-03-20 04:11:29,22.5667,59.5289,76.23,51,0,1.45
99,Atuona,PF,2022-03-20 04:11:30,-9.8,-139.0333,78.78,78,11,12.39
100,Yingkou,CN,2022-03-20 04:11:30,40.6648,122.2283,35.94,39,1,4.36
101,Lorengau,PG,2022-03-20 04:11:31,-2.0226,147.2712,86.59,62,55,9.06
102,Vostok,RU,2022-03-20 04:11:31,46.4856,135.8833,23.41,71,100,7.65
103,Nizhniy Tsasuchey,RU,2022-03-20 04:11:32,50.5167,115.1333,20.59,48,19,11.74
104,Buenavista,PH,2022-03-20 04:11:33,8.9769,125.4089,83.86,78,100,3.51
105,Santa Maria,BR,2022-03-20 04:10:20,-29.6842,-53.8069,57.42,83,6,7.65
106,Poum,NC,2022-03-20 04:11:33,-20.2333,164.0167,79.54,82,100,15.73
107,Sloboda,RU,2022-03-20 04:11:34,51.1421,40.3021,3.54,100,95,4.45
108,Haines Junction,CA,2022-03-20 04:11:34,60.7522,-137.5108,13.46,95,19,3.24
109,Radolfzell,DE,2022-03-20 04:11:35,47.7333,8.9667,38.68,73,63,1.79
110,Laguna,US,2022-03-20 04:11:36,38.421,-121.4238,57.49,79,75,6.91
111,Caravelas,BR,2022-03-20 04:11:36,-17.7125,-39.2481,73.58,90,0,2.48
112,Kruisfontein,ZA,2022-03-20 04:11:37,-34.0033,24.7314,65.88,97,53,2.44
113,Inhambane,MZ,2022-03-20 04:11:38,-23.865,35.3833,74.03,60,99,8.57
114,Jinxiang,CN,2022-03-20 04:11:38,27.4327,120.6062,56.7,86,100,6.4
115,Ixtapa,MX,2022-03-20 04:08:11,20.7,-105.2,69.22,83,0,1.99
116,Rocha,UY,2022-03-20 04:11:39,-34.4833,-54.3333,56.25,68,53,3.67
117,Biak,ID,2022-03-20 04:11:39,-0.9131,122.8766,82.44,74,100,1.92
118,Florianopolis,BR,2022-03-20 04:11:40,-27.6146,-48.5012,70.7,75,40,12.66
119,Hasaki,JP,2022-03-20 04:11:40,35.7333,140.8333,55.8,54,99,5.44
120,La Ronge,CA,2022-03-20 04:11:41,55.1001,-105.2842,23.02,97,15,4.74
121,Xinzhou,CN,2022-03-20 04:11:42,38.4092,112.7333,47.1,36,93,2.62
122,Pevek,RU,2022-03-20 04:11:42,69.7008,170.3133,0.5,76,24,13.49
123,Vestmannaeyjar,IS,2022-03-20 04:11:43,63.4427,-20.2734,40.96,95,100,21.18
124,Begamganj,IN,2022-03-20 04:11:43,23.6,78.3333,89.78,15,2,7.74
125,Bosaso,SO,2022-03-20 04:11:44,11.2842,49.1816,77.92,58,13,5.95
126,San Jeronimo,PE,2022-03-20 04:11:45,-11.9472,-75.2829,50.86,81,100,1.41
127,Lompoc,US,2022-03-20 04:11:46,34.6391,-120.4579,56.79,89,100,15.01
128,Saint Anthony,US,2022-03-20 04:11:46,45.0205,-93.218,43.32,74,0,9.22
129,Sapanta,RO,2022-03-20 04:11:47,47.9667,23.7,25.56,62,0,3.0
130,Kidal,ML,2022-03-20 04:11:48,18.4411,1.4078,77.09,15,0,9.42
131,Dunedin,NZ,2022-03-20 04:11:48,-45.8742,170.5036,60.94,71,52,11.83
132,Tangwani,PK,2022-03-20 04:11:49,28.2787,68.9972,90.18,22,0,7.92
133,Klaksvik,FO,2022-03-20 04:08:07,62.2266,-6.589,47.32,79,17,28.66
134,Atasu,KZ,2022-03-20 04:12:50,48.6814,71.6433,10.27,97,100,4.34
135,East London,ZA,2022-03-20 04:12:51,-33.0153,27.9116,68.58,85,18,2.64
136,Lagoa,PT,2022-03-20 04:12:51,39.05,-27.9833,57.02,66,98,23.0
137,Ust-Ishim,RU,2022-03-20 04:12:52,57.6935,71.1665,22.98,94,100,9.8
138,Nador,MA,2022-03-20 04:12:52,35.174,-2.9287,59.25,82,75,11.5
139,Bonthe,SL,2022-03-20 04:12:53,7.5264,-12.505,74.86,88,83,3.24
140,Georgetown,MY,2022-03-20 04:11:25,5.4112,100.3354,89.53,70,20,5.75
141,Sergeyevka,KZ,2022-03-20 04:12:54,53.88,67.4158,3.94,82,59,13.76
142,Dolores,AR,2022-03-20 04:12:54,-36.3132,-57.6792,47.7,87,68,6.85
143,Maumere,ID,2022-03-20 04:12:55,-8.6199,122.2111,85.19,69,46,5.57
144,Qinzhou,CN,2022-03-20 04:12:55,21.95,108.6167,84.33,60,90,11.92
145,Palaia Fokaia,GR,2022-03-20 04:12:56,37.72,23.9463,40.71,60,87,26.44
146,Dingle,PH,2022-03-20 04:12:56,10.9995,122.6711,90.16,56,98,13.13
147,Sobolevo,RU,2022-03-20 04:12:57,54.4299,31.8996,19.8,96,1,5.01
148,Kapaa,US,2022-03-20 04:12:22,22.0752,-159.319,78.78,77,75,9.22
149,Torbay,CA,2022-03-20 04:12:58,47.6666,-52.7314,24.76,77,20,3.0
150,Ahipara,NZ,2022-03-20 04:12:58,-35.1667,173.1667,67.44,94,99,16.6
151,Provideniya,RU,2022-03-20 04:12:59,64.3833,-173.3,7.93,79,0,2.26
152,Tasiilaq,GL,2022-03-20 04:12:59,65.6145,-37.6368,14.16,70,13,8.03
153,Norman Wells,CA,2022-03-20 04:13:00,65.282,-126.8329,-0.54,97,100,8.68
154,Alofi,NU,2022-03-20 04:13:00,-19.0595,-169.9187,81.91,65,91,11.12
155,Abalak,RU,2022-03-20 04:13:01,58.1286,68.5944,27.52,96,100,10.45
156,Muroto,JP,2022-03-20 04:13:02,33.2833,134.15,53.2,50,18,7.47
157,Pitimbu,BR,2022-03-20 04:13:02,-7.4706,-34.8086,77.59,80,22,6.2
158,Cap Malheureux,MU,2022-03-20 04:13:03,-19.9842,57.6142,84.47,81,35,3.6
159,Hambantota,LK,2022-03-20 04:13:04,6.1241,81.1185,85.32,65,3,17.83
160,Belaya Gora,RU,2022-03-20 04:12:17,68.5333,146.4167,7.18,79,100,7.49
161,Airai,TL,2022-03-20 04:13:04,-8.9266,125.4092,76.93,51,60,0.76
162,Chuy,UY,2022-03-20 04:09:44,-33.6971,-53.4616,55.0,69,36,5.57
163,Isangel,VU,2022-03-20 04:13:05,-19.55,169.2667,77.31,86,100,3.44
164,Upernavik,GL,2022-03-20 04:13:06,72.7868,-56.1549,-5.13,97,100,9.06
165,Bathsheba,BB,2022-03-20 04:13:06,13.2167,-59.5167,77.61,83,75,20.71
166,Lima,PE,2022-03-20 04:10:52,-12.0432,-77.0282,65.39,23,91,6.91
167,Faanui,PF,2022-03-20 04:13:07,-16.4833,-151.75,82.72,74,23,15.86
168,Tezu,IN,2022-03-20 04:13:08,27.9167,96.1667,92.3,22,80,3.67
169,Harper,LR,2022-03-20 04:13:08,4.375,-7.7169,78.3,89,56,5.14
170,Los Llanos De Aridane,ES,2022-03-20 04:13:09,28.6585,-17.9182,55.15,77,20,7.0
171,Tomatlan,MX,2022-03-20 04:13:09,19.9333,-105.25,63.37,67,57,3.4
172,Kasama,ZM,2022-03-20 04:13:14,-10.2129,31.1808,60.35,99,100,2.93
173,Sri Aman,MY,2022-03-20 04:13:15,1.2376,111.4621,88.86,58,92,3.33
174,Talnakh,RU,2022-03-20 04:13:15,69.4865,88.3972,18.21,94,100,10.56
175,Sao Filipe,CV,2022-03-20 04:13:16,14.8961,-24.4956,69.51,68,6,13.94
176,San Juan,AR,2022-03-20 04:13:17,-31.5375,-68.5364,65.16,53,1,7.65
177,Okhotsk,RU,2022-03-20 04:13:17,59.3833,143.3,24.67,79,100,8.52
178,Lavrentiya,RU,2022-03-20 04:14:18,65.5833,-171.0,-1.57,78,0,1.95
179,Synya,RU,2022-03-20 04:14:19,65.3718,58.0387,29.75,94,100,16.17
180,Lazaro Cardenas,MX,2022-03-20 04:14:19,17.9583,-102.2,72.27,71,64,3.36
181,Te Anau,NZ,2022-03-20 04:14:20,-45.4167,167.7167,68.02,49,62,1.9
182,Makakilo City,US,2022-03-20 04:14:20,21.3469,-158.0858,80.92,57,20,12.66
183,Charleston,US,2022-03-20 04:09:28,32.7766,-79.9309,70.07,90,40,13.8
184,Port Blair,IN,2022-03-20 04:11:11,11.6667,92.75,80.08,79,100,7.23
185,Kiunga,PG,2022-03-20 04:14:21,-6.1219,141.2906,94.78,46,74,3.09
186,College,US,2022-03-20 04:14:22,64.8569,-147.8028,21.15,64,75,12.66
187,Nikolayevsk-Na-Amure,RU,2022-03-20 04:14:23,53.1406,140.73,23.83,80,99,7.02
188,Jinchang,CN,2022-03-20 04:14:23,38.4953,102.1739,43.45,25,100,8.72
189,Punahana,IN,2022-03-20 04:14:24,27.8667,77.2,90.32,15,0,5.26
190,Markova,UA,2022-03-20 04:14:24,48.6758,24.4138,22.69,64,1,3.18
191,Lensk,RU,2022-03-20 04:14:25,60.7253,114.9278,21.65,89,100,13.24
192,Port Augusta,AU,2022-03-20 04:14:25,-32.5,137.7667,92.25,31,100,3.09
193,Khromtau,KZ,2022-03-20 04:14:26,50.2503,58.4347,3.52,83,2,8.41
194,Craig,US,2022-03-20 04:14:26,40.5153,-107.5464,40.62,69,0,0.0
195,Oranjemund,NA,2022-03-20 04:14:27,-28.55,16.4333,72.05,67,0,1.23
196,Mareeba,AU,2022-03-20 04:14:28,-17.0,145.4333,87.44,69,92,5.26
197,Pacific Grove,US,2022-03-20 04:14:28,36.6177,-121.9166,53.71,88,100,15.01
198,Andenes,NO,2022-03-20 04:14:29,69.3143,16.1194,44.58,81,100,33.38
199,Semey,KZ,2022-03-20 04:14:29,50.4111,80.2275,-0.18,85,75,6.71
200,Along,IN,2022-03-20 04:14:30,28.1667,94.7667,87.48,27,78,1.77
201,Port Moresby,PG,2022-03-20 04:14:31,-9.4431,147.1797,85.89,68,58,7.4
202,Verkhnevilyuysk,RU,2022-03-20 04:14:33,63.4453,120.3167,15.49,88,100,10.51
203,Narsaq,GL,2022-03-20 04:14:34,60.9167,-46.05,14.22,79,30,5.57
204,Tumen,CN,2022-03-20 04:14:34,42.9661,129.8425,35.85,40,94,8.21
205,Gravdal,NO,2022-03-20 04:14:35,68.1214,13.5031,42.96,90,97,29.93
206,Jalingo,NG,2022-03-20 04:14:35,8.8833,11.3667,74.84,14,9,2.57
207,Launceston,AU,2022-03-20 04:14:36,-41.45,147.1667,75.15,55,100,5.75
208,Muhos,FI,2022-03-20 04:14:37,64.808,25.9931,37.89,78,25,8.7
209,Santa Luzia,BR,2022-03-20 04:13:07,-19.7697,-43.8514,70.7,88,70,2.98
210,Vavatenina,MG,2022-03-20 04:14:37,-17.4667,49.2,72.36,98,100,3.71
211,Henties Bay,NA,2022-03-20 04:14:38,-22.116,14.2845,65.97,84,0,5.64
212,Suntar,RU,2022-03-20 04:14:38,62.1444,117.6319,21.63,89,100,10.2
213,Longyearbyen,SJ,2022-03-20 04:14:39,78.2186,15.6401,22.84,63,20,10.36
214,Sambava,MG,2022-03-20 04:14:39,-14.2667,50.1667,77.5,88,100,5.41
215,Najran,SA,2022-03-20 04:14:40,17.4924,44.1277,62.76,23,4,2.19
216,Kano,NG,2022-03-20 04:14:40,12.0001,8.5167,73.15,8,38,5.23
217,Hirara,JP,2022-03-20 04:14:41,24.8,125.2833,68.72,73,10,11.5
218,Yulara,AU,2022-03-20 04:14:41,-25.2406,130.9889,98.44,13,0,8.05
219,Lawton,US,2022-03-20 04:13:25,34.6087,-98.3903,56.07,33,0,8.05
220,Yar-Sale,RU,2022-03-20 04:14:42,66.8333,70.8333,17.64,90,41,12.55
221,Burla,IN,2022-03-20 04:14:42,21.5,83.8667,89.15,29,19,2.91
222,Tuktoyaktuk,CA,2022-03-20 04:14:43,69.4541,-133.0374,-22.41,100,53,5.82
223,Arraial Do Cabo,BR,2022-03-20 04:14:43,-22.9661,-42.0278,76.3,89,28,16.82
224,Phibun Mangsahan,TH,2022-03-20 04:15:44,15.2447,105.2291,87.1,49,68,6.71
225,Veseloyarsk,RU,2022-03-20 04:15:05,51.2836,81.1056,10.65,94,100,6.29
226,Balaipungut,ID,2022-03-20 04:15:45,1.05,101.2833,89.17,57,83,4.7
227,Saint-Philippe,RE,2022-03-20 04:15:45,-21.3585,55.7679,79.11,90,88,12.17
228,Akyab,MM,2022-03-20 04:15:46,20.15,92.9,83.7,44,23,5.79
229,Weihe,CN,2022-03-20 04:15:46,32.9952,105.3247,50.5,71,100,6.67
230,Vankleek Hill,CA,2022-03-20 04:15:47,45.5168,-74.6493,35.38,99,99,6.2
231,Cayenne,GF,2022-03-20 04:15:48,4.9333,-52.3333,77.09,1,100,0.0
232,Tutoia,BR,2022-03-20 04:15:48,-2.7619,-42.2744,76.3,85,100,2.35
233,Batagay,RU,2022-03-20 04:15:49,67.6333,134.6333,9.3,72,6,6.78
234,Aksarka,RU,2022-03-20 04:15:49,66.5606,67.7975,19.9,92,10,10.16
235,Fortuna,US,2022-03-20 04:15:50,40.5982,-124.1573,48.65,75,75,13.8
236,Mahebourg,MU,2022-03-20 04:15:51,-20.4081,57.7,84.25,94,75,0.0
237,Chapais,CA,2022-03-20 04:15:51,49.7834,-74.8492,29.98,90,100,9.86
238,Papara,BR,2022-03-20 04:15:52,-3.9839,-38.7273,77.4,90,64,2.66
239,Kutum,SD,2022-03-20 04:15:52,14.2,24.6667,58.93,12,16,5.35
240,Rovaniemi,FI,2022-03-20 04:15:53,66.5,25.7167,36.81,80,0,12.66
241,Lewiston,US,2022-03-20 04:14:36,44.1003,-70.2148,40.71,98,100,11.5
242,Moussoro,TD,2022-03-20 04:15:54,13.6408,16.4901,71.4,5,13,10.11
243,Dindigul,IN,2022-03-20 04:15:54,10.35,77.95,88.45,42,25,3.69
244,Ardatov,RU,2022-03-20 04:15:55,55.2421,43.097,24.48,98,73,7.74
245,Acajutla,SV,2022-03-20 04:15:55,13.5928,-89.8275,81.28,75,86,5.12
246,Camacha,PT,2022-03-20 04:15:56,33.0833,-16.3333,54.82,72,20,16.11
247,Louga,RU,2022-03-20 04:15:57,58.7372,29.8453,31.24,81,7,9.1
248,Crowley,US,2022-03-20 04:15:57,30.2141,-92.3746,52.05,79,0,6.04
249,Ocos,GT,2022-03-20 04:15:58,14.5094,-92.1933,77.18,68,5,1.39
250,Marana,US,2022-03-20 04:13:34,32.4367,-111.2254,70.7,15,0,8.05
251,Gamba,GA,2022-03-20 04:15:58,-2.65,10.0,77.49,87,78,5.59
252,Nhulunbuy,AU,2022-03-20 04:15:59,-12.2333,136.7667,90.21,66,75,11.5
253,Iralaya,HN,2022-03-20 04:15:59,15.0,-83.2333,78.3,82,96,13.62
254,Alice Springs,AU,2022-03-20 04:16:00,-23.7,133.8833,92.75,17,0,16.11
255,Sioux Lookout,CA,2022-03-20 04:11:19,50.1001,-91.917,31.33,95,100,3.42
256,Cienfuegos,CU,2022-03-20 04:16:01,22.1461,-80.4356,74.73,84,5,6.67
257,Lake Havasu City,US,2022-03-20 04:11:20,34.4839,-114.3224,79.41,12,20,14.97
258,Miri,MY,2022-03-20 04:16:01,4.4148,114.0089,87.94,70,40,4.61
259,Kongolo,CD,2022-03-20 04:16:02,-5.3833,27.0,68.0,97,100,3.69
260,Saquena,PE,2022-03-20 04:16:03,-4.6667,-73.5167,72.91,98,100,1.25
261,Buraydah,SA,2022-03-20 04:16:03,26.326,43.975,59.45,22,0,9.98
262,Saskylakh,RU,2022-03-20 04:16:04,71.9167,114.0833,8.78,93,100,2.33
263,Cervo,ES,2022-03-20 04:16:04,43.6702,-7.4101,52.48,74,59,3.78
264,Maragogi,BR,2022-03-20 04:16:05,-9.0122,-35.2225,77.63,83,9,4.23
265,Tarko-Sale,RU,2022-03-20 04:16:06,64.9225,77.785,24.28,95,76,12.33
266,Grand Gaube,MU,2022-03-20 04:16:06,-20.0064,57.6608,84.38,81,31,3.29
267,Seymchan,RU,2022-03-20 04:16:07,62.8833,152.4333,12.09,75,100,2.1
268,Harnai,PK,2022-03-20 04:16:07,30.1005,67.9374,78.67,14,0,3.96
269,Loukhi,RU,2022-03-20 04:16:08,66.0764,33.0381,38.61,91,92,13.09
270,Bourail,NC,2022-03-20 04:16:08,-21.5667,165.4833,77.94,84,100,7.14
271,Kunzell,DE,2022-03-20 04:17:09,50.5442,9.7179,35.87,69,58,13.18
272,La Chapelle-Sur-Erdre,FR,2022-03-20 04:17:10,47.2958,-1.5531,49.86,82,100,4.61
273,Irbeyskoye,RU,2022-03-20 04:17:10,55.6428,95.4522,23.29,80,100,14.63
274,Jumla,NP,2022-03-20 04:17:11,29.2747,82.1838,65.5,23,43,4.94
275,Solnechnyy,RU,2022-03-20 04:17:11,50.7214,136.6319,24.19,85,97,5.21
276,Monselice,IT,2022-03-20 04:17:12,45.2424,11.749,42.93,58,0,7.43
277,Storforshei,NO,2022-03-20 04:17:13,66.4043,14.5233,38.66,99,100,5.06
278,Comodoro Rivadavia,AR,2022-03-20 04:12:46,-45.8667,-67.5,51.66,62,0,12.66
279,Kaeo,NZ,2022-03-20 04:17:13,-35.1,173.7833,68.32,91,100,17.98
280,San Patricio,US,2022-03-20 04:17:14,28.017,-97.5169,63.84,59,0,7.05
281,Chifeng,CN,2022-03-20 04:17:15,42.2683,118.9636,34.12,54,95,8.97
282,Bubaque,GW,2022-03-20 04:18:30,11.2833,-15.8333,75.58,60,18,10.36
283,Ruwi,OM,2022-03-20 04:18:31,23.5996,58.5507,74.89,52,0,9.08
284,Necochea,AR,2022-03-20 04:17:09,-38.5473,-58.7368,49.6,67,54,9.33
285,Komsomolskiy,UZ,2022-03-20 04:18:18,40.4272,71.7189,38.12,81,100,2.3
286,Port Hedland,AU,2022-03-20 04:15:18,-20.3167,118.5667,100.45,32,43,6.91
287,Aswan,EG,2022-03-20 04:18:32,24.0934,32.907,59.79,31,92,7.87
288,Stornoway,GB,2022-03-20 04:15:30,58.2093,-6.3865,49.03,64,0,11.5
289,Chernihiv,UA,2022-03-20 04:18:33,51.0,32.0,29.05,84,11,4.72
290,Shaunavon,CA,2022-03-20 04:18:33,49.6501,-108.4181,40.78,56,100,8.05
291,Senno,RU,2022-03-20 04:18:34,59.5336,33.9167,26.26,90,6,7.61
292,Ancud,CL,2022-03-20 04:18:34,-41.8697,-73.8203,56.23,71,100,4.32
293,Portobelo,PA,2022-03-20 04:18:35,9.55,-79.65,77.72,85,100,12.86
294,Ponnani,IN,2022-03-20 04:18:35,10.767,75.9252,79.92,65,10,4.97
295,Wanning,CN,2022-03-20 04:18:36,18.8003,110.3967,83.03,72,83,10.47
296,Mount Gambier,AU,2022-03-20 04:18:37,-37.8333,140.7667,71.82,55,99,7.99
297,Leningradskiy,RU,2022-03-20 04:17:51,69.3833,178.4167,-3.26,83,28,1.63
298,Gat,IL,2022-03-20 04:18:37,31.61,34.7642,47.8,100,100,5.91
299,Aklavik,CA,2022-03-20 04:18:38,68.2191,-135.0107,-13.11,95,100,5.44
300,Saint George,US,2022-03-20 04:15:26,37.1041,-113.5841,66.63,14,0,13.8
301,Bireun,ID,2022-03-20 04:18:39,5.203,96.7009,80.19,77,100,5.46
302,Dimona,IL,2022-03-20 04:15:25,31.0667,35.0333,42.24,77,100,4.56
303,Nizhniy Kuranakh,RU,2022-03-20 04:18:40,58.8353,125.4869,15.69,69,68,7.63
304,Mindelo,CV,2022-03-20 04:18:40,16.8901,-24.9804,67.55,68,40,16.11
305,Nyrob,RU,2022-03-20 04:18:40,60.733,56.7202,27.46,96,100,10.71
306,Samarai,PG,2022-03-20 04:18:41,-10.6167,150.6667,87.89,66,67,11.65
307,Geraldton,AU,2022-03-20 04:18:42,-28.7667,114.6,81.01,57,76,17.27
308,Saint-Louis,SN,2022-03-20 04:18:42,16.3333,-15.0,68.5,44,3,10.29
309,Sistranda,NO,2022-03-20 04:18:43,63.7256,8.834,40.96,76,100,4.43
310,Luanda,AO,2022-03-20 04:18:43,-8.8368,13.2343,78.8,83,75,3.44
311,Porto Novo,BJ,2022-03-20 04:18:44,6.4965,2.6036,84.02,80,77,8.21
312,Bilibino,RU,2022-03-20 04:18:44,68.0546,166.4372,8.28,81,41,2.44
313,Kismayo,SO,2022-03-20 04:18:45,-0.3582,42.5454,78.93,78,24,12.21
314,Velyka Bahachka,UA,2022-03-20 04:18:46,49.7912,33.7226,26.71,86,9,4.92
315,Neuquen,AR,2022-03-20 04:16:51,-38.9516,-68.0591,64.54,40,99,19.42
316,Hay River,CA,2022-03-20 04:14:12,60.8156,-115.7999,20.48,97,99,5.21
317,Avera,US,2022-03-20 04:18:47,33.194,-82.5271,58.51,64,97,14.05
318,Salinopolis,BR,2022-03-20 04:19:47,-0.6136,-47.3561,75.74,91,100,3.74
319,Kavieng,PG,2022-03-20 04:19:48,-2.5744,150.7967,85.86,67,48,10.8
320,Siero,ES,2022-03-20 04:19:49,43.3833,-5.6667,50.63,86,12,5.55
321,Sisimiut,GL,2022-03-20 04:19:49,66.9395,-53.6735,-12.32,93,95,6.31
322,Virginia Beach,US,2022-03-20 04:18:25,36.8529,-75.978,71.64,69,34,15.48
323,Kawalu,ID,2022-03-20 04:19:50,-7.3817,108.2082,85.59,63,99,3.22
324,Batticaloa,LK,2022-03-20 04:19:51,7.7102,81.6924,81.52,70,2,2.46
325,Enugu,NG,2022-03-20 04:15:00,6.4402,7.4943,77.72,83,63,6.24
326,Basoko,CD,2022-03-20 04:19:51,1.2391,23.616,70.43,89,99,4.16
327,Cockburn Town,TC,2022-03-20 04:19:52,21.4612,-71.1419,77.72,78,1,23.38
328,Axim,GH,2022-03-20 04:19:53,4.8699,-2.2405,78.75,89,97,5.75
329,Kotelnikovo,RU,2022-03-20 04:19:53,47.6317,43.1461,23.45,81,51,7.14
330,Farsund,NO,2022-03-20 04:19:54,58.0948,6.8047,39.94,46,0,9.42
331,Souillac,MU,2022-03-20 04:17:59,-20.5167,57.5167,79.18,94,75,0.0
332,Tura,IN,2022-03-20 04:15:00,25.5198,90.2201,87.17,25,3,6.49
333,Gigmoto,PH,2022-03-20 04:15:29,13.7796,124.39,85.53,71,89,8.7
334,Sorland,NO,2022-03-20 04:19:56,67.667,12.6934,43.72,89,100,35.1
335,Cagli,IT,2022-03-20 04:19:57,43.5457,12.6527,42.4,75,75,5.75
336,Eyl,SO,2022-03-20 04:19:58,7.9803,49.8164,75.43,76,8,8.84
337,Ponta Delgada,PT,2022-03-20 04:19:58,37.7333,-25.6667,56.12,58,75,6.91
338,Walvis Bay,NA,2022-03-20 04:19:59,-22.9575,14.5053,61.09,100,44,2.3
339,Marabba,SD,2022-03-20 04:20:04,12.35,32.1833,75.31,16,7,9.06
340,Brae,GB,2022-03-20 04:20:05,60.3964,-1.353,44.74,69,62,25.75
341,Ondjiva,AO,2022-03-20 04:20:05,-17.0667,15.7333,64.92,86,49,6.58
342,Taxco,MX,2022-03-20 04:20:06,18.55,-99.6,73.83,26,7,4.27
343,Maridi,SS,2022-03-20 04:20:06,4.9158,29.4742,76.57,41,100,3.8
344,Kade,DE,2022-03-20 04:20:07,52.3833,12.2667,35.98,55,0,12.06
345,Sao Joao Da Barra,BR,2022-03-20 04:20:08,-21.6403,-41.0511,77.25,85,50,12.26
346,Zhigansk,RU,2022-03-20 04:20:08,66.7697,123.3711,7.48,90,100,27.96
347,Paita,PE,2022-03-20 04:20:09,-5.0892,-81.1144,74.16,73,99,11.68
348,Caramay,PH,2022-03-20 04:20:09,10.1815,119.236,85.19,70,100,6.58
349,Fairbanks,US,2022-03-20 04:16:50,64.8378,-147.7164,21.16,66,100,12.66
350,Vic,ES,2022-03-20 04:20:10,41.9301,2.2549,49.06,89,77,3.67
351,Vao,NC,2022-03-20 04:20:11,-22.6667,167.4833,77.4,75,100,9.06
352,Smithers,CA,2022-03-20 04:15:31,54.7804,-127.1743,34.12,64,100,4.61
353,Maningrida,AU,2022-03-20 04:20:11,-12.0667,134.2667,90.03,55,100,5.91
354,Morgantown,US,2022-03-20 04:20:12,39.6295,-79.9559,50.22,68,100,13.8
355,Quelimane,MZ,2022-03-20 04:20:13,-17.8786,36.8883,73.35,94,75,4.61
356,Belfast,GB,2022-03-20 04:17:23,54.5833,-5.9333,44.42,71,0,12.66
357,Saint-Pierre,RE,2022-03-20 04:20:13,-21.3393,55.4781,79.92,95,100,16.11
358,Olafsvik,IS,2022-03-20 04:20:14,64.8945,-23.7142,33.28,97,100,9.75
359,Asau,RO,2022-03-20 04:20:15,46.4333,26.4,18.52,67,1,4.68
360,Coahuayana,MX,2022-03-20 04:20:15,18.7333,-103.6833,67.08,58,2,3.98
361,Sile,TR,2022-03-20 04:20:16,41.1754,29.6133,40.57,67,99,22.68
362,Malya,TZ,2022-03-20 04:20:17,-2.9833,33.5167,63.39,93,100,5.5
363,Klyuchi,RU,2022-03-20 04:21:17,52.2667,79.1667,14.47,89,94,7.7
364,Olhao,PT,2022-03-20 04:21:18,37.0286,-7.8411,60.69,77,75,18.41
365,Namibe,AO,2022-03-20 04:21:19,-15.1961,12.1522,73.87,73,80,8.19
366,Port Lincoln,AU,2022-03-20 04:21:19,-34.7333,135.8667,71.6,63,78,9.89
367,Clyde River,CA,2022-03-20 04:21:20,70.4692,-68.5914,-27.17,68,0,4.61
368,Obo,CF,2022-03-20 04:21:20,5.3998,26.4869,76.08,26,88,1.68
369,Cervena Voda,CZ,2022-03-20 04:21:21,50.0403,16.7427,34.9,49,11,4.94
370,Menongue,AO,2022-03-20 04:21:21,-14.6585,17.691,63.32,95,98,4.09
371,Hua Hin,TH,2022-03-20 04:21:22,12.5707,99.9588,89.02,83,40,2.3
372,Victoria,HK,2022-03-20 04:20:02,22.2855,114.1577,72.97,89,97,18.01
373,Umm Lajj,SA,2022-03-20 04:21:23,25.0213,37.2685,66.25,60,58,10.98
374,Progreso,MX,2022-03-20 04:21:23,21.2833,-89.6667,79.11,79,14,11.01
375,Pangnirtung,CA,2022-03-20 04:21:24,66.1451,-65.7125,-22.14,77,13,6.29
376,Amapa,BR,2022-03-20 04:21:24,1.0,-52.0,70.84,100,76,1.66
377,Sai Buri,TH,2022-03-20 04:21:25,6.7013,101.6168,83.91,76,94,4.85
378,Svarstad,NO,2022-03-20 04:21:25,59.399,9.9698,34.7,68,9,1.63
379,Capitao Poco,BR,2022-03-20 04:19:12,-1.7464,-47.0594,70.09,98,100,1.79
380,Praya,CV,2022-03-20 04:21:26,14.9215,-23.5087,66.74,72,40,17.27
381,Kushima,JP,2022-03-20 04:21:27,31.4583,131.2333,61.45,50,55,7.47
382,Verkhoyansk,RU,2022-03-20 04:21:27,67.5447,133.385,6.33,73,6,11.23
383,Sept-Iles,CA,2022-03-20 04:17:04,50.2001,-66.3821,26.06,70,100,14.97
384,Camacupa,AO,2022-03-20 04:20:24,-12.0167,17.4833,60.19,99,100,3.02
385,Tomohon,ID,2022-03-20 04:21:28,1.3346,124.8392,67.14,79,100,3.71
386,Paengaroa,NZ,2022-03-20 04:21:29,-37.8167,176.4167,70.47,60,100,5.01
387,Santa Cruz De Tenerife,ES,2022-03-20 04:18:54,28.4682,-16.2546,62.62,82,100,18.41
388,Oltu,TR,2022-03-20 04:21:30,40.5498,42.0013,19.44,95,100,2.73
389,Bahia Blanca,AR,2022-03-20 04:20:09,-38.7196,-62.2724,53.37,67,100,14.03
390,Mayo,US,2022-03-20 04:16:52,38.8876,-76.5119,64.35,73,100,5.75
391,Sidvokodvo,SZ,2022-03-20 04:21:31,-26.6282,31.4202,59.31,91,97,3.29
392,Thompson,CA,2022-03-20 04:21:32,55.7435,-97.8558,21.36,63,75,3.44
393,Santo Tomas,PH,2022-03-20 04:21:32,14.1079,121.1414,90.55,53,99,8.81
394,Bideford,GB,2022-03-20 04:21:33,51.0179,-4.2046,46.38,73,10,14.0
395,Anloga,GH,2022-03-20 04:21:34,5.7947,0.8973,82.0,83,85,14.88
396,Urcos,PE,2022-03-20 04:21:34,-13.6861,-71.6228,51.69,90,100,3.76
397,Atar,MR,2022-03-20 04:21:34,20.5169,-13.0499,67.68,28,3,7.02
398,Lianyuan,CN,2022-03-20 04:21:35,27.6883,111.6642,51.1,85,100,5.75
399,Ariquemes,BR,2022-03-20 04:21:35,-9.9133,-63.0408,72.72,98,97,1.41
400,Arman,RU,2022-03-20 04:21:36,59.7,150.1667,30.02,71,99,4.72
401,High Rock,BS,2022-03-20 04:21:37,26.6208,-78.2833,77.02,82,1,11.07
402,Broome,US,2022-03-20 04:21:37,42.2506,-75.833,51.85,75,75,8.05
403,Yenagoa,NG,2022-03-20 04:21:38,4.9247,6.2642,78.35,86,78,4.03
404,Taltal,CL,2022-03-20 04:20:20,-25.4,-70.4833,65.48,82,34,1.23
405,Oytal,KZ,2022-03-20 04:21:39,42.9057,73.2697,36.43,82,100,5.57
406,Abu Samrah,SY,2022-03-20 04:21:39,35.3029,37.1841,31.37,45,0,4.81
407,Omboue,GA,2022-03-20 04:22:40,-1.5746,9.2618,77.47,88,83,5.75
408,Praia,CV,2022-03-20 04:22:40,14.9215,-23.5087,66.74,72,40,17.27
409,Bokoro,TD,2022-03-20 04:22:41,12.3807,17.0568,72.81,9,57,8.5
410,Iqaluit,CA,2022-03-20 04:22:42,63.7506,-68.5145,-20.31,68,0,5.75
411,Huarmey,PE,2022-03-20 04:22:42,-10.0681,-78.1522,70.97,81,100,8.3
412,Marfino,RU,2022-03-20 04:22:43,55.7028,37.3822,28.54,63,0,6.71
413,Issoire,FR,2022-03-20 04:22:44,45.55,3.25,42.06,80,67,6.78
414,Siavonga,ZM,2022-03-20 04:22:44,-16.5382,28.7088,70.18,88,92,5.06
415,Abu Dhabi,AE,2022-03-20 04:22:45,24.4667,54.3667,71.62,69,0,6.91
416,Riyadh,SA,2022-03-20 04:20:23,24.6877,46.7219,59.14,15,0,7.87
417,Sola,VU,2022-03-20 04:22:46,-13.8833,167.55,83.03,72,56,13.65
418,Ceres,US,2022-03-20 04:22:46,37.5949,-120.9577,55.06,78,100,5.75
419,Belyy Yar,RU,2022-03-20 04:22:47,53.6039,91.3903,28.29,56,0,6.71
420,Antsohihy,MG,2022-03-20 04:22:47,-14.8796,47.9875,74.91,96,100,2.39
421,Nouadhibou,MR,2022-03-20 04:22:48,20.931,-17.0347,60.78,88,0,18.41
422,Hauterive,FR,2022-03-20 04:22:48,46.0901,3.4459,43.56,78,79,6.15
423,Auki,SB,2022-03-20 04:22:49,-8.7676,160.7034,86.58,65,97,3.22
424,Cobija,BO,2022-03-20 04:22:50,-11.0267,-68.7692,72.45,100,100,2.68
425,Anadyr,RU,2022-03-20 04:22:51,64.75,177.4833,9.1,78,75,2.24
426,Kochevo,RU,2022-03-20 04:22:51,59.5994,54.3125,28.38,90,100,11.23
427,Hereford,GB,2022-03-20 04:22:52,52.0568,-2.7148,41.05,84,0,4.99
428,Ortega,CO,2022-03-20 04:22:52,3.9361,-75.2217,74.93,82,62,3.8
429,Bud,US,2022-03-20 04:20:31,39.447,-86.1758,42.91,94,100,10.25
430,Merauke,ID,2022-03-20 04:22:53,-8.4667,140.3333,87.53,66,96,5.23
431,Humaita,BR,2022-03-20 04:22:54,-7.5061,-63.0208,73.36,99,94,2.48
432,Kavali,IN,2022-03-20 04:22:54,14.9167,79.9833,88.54,51,60,5.68
433,Coquimbo,CL,2022-03-20 04:18:53,-29.9533,-71.3436,60.53,94,100,4.61
434,Sabang,ID,2022-03-20 04:22:55,5.8933,95.3214,80.11,80,100,20.58
435,Vestmanna,FO,2022-03-20 04:22:56,62.1564,-7.1664,45.52,76,12,17.27
436,Fomboni,KM,2022-03-20 04:22:56,-12.28,43.7425,82.76,77,100,12.62
437,Kemijarvi,FI,2022-03-20 04:22:57,66.7131,27.4306,36.27,84,63,12.73
438,Salalah,OM,2022-03-20 04:22:57,17.0151,54.0924,82.49,6,0,11.5
439,Tuatapere,NZ,2022-03-20 04:22:58,-46.1333,167.6833,66.6,55,36,5.37
440,Kautokeino,NO,2022-03-20 04:22:59,69.0125,23.0412,36.09,86,91,25.01
441,Les Cayes,HT,2022-03-20 04:22:59,18.2,-73.75,74.66,77,17,2.82
442,Diffa,NE,2022-03-20 04:23:00,13.3154,12.6113,71.29,6,3,7.31
443,Barmer,IN,2022-03-20 04:23:00,25.75,71.3833,83.08,29,0,10.65
444,Nemuro,JP,2022-03-20 04:23:01,43.3236,145.575,30.88,79,78,22.57
445,Vardo,NO,2022-03-20 04:23:01,70.3705,31.1107,34.56,69,77,30.13
446,Tairua,NZ,2022-03-20 04:23:02,-37.0167,175.85,65.03,79,100,17.65
447,Tara,RU,2022-03-20 04:23:02,56.8944,74.371,15.21,93,100,13.09
448,Manggar,ID,2022-03-20 04:23:03,-2.8833,108.2667,81.55,78,100,3.85
449,Sibolga,ID,2022-03-20 04:23:03,1.7427,98.7792,85.1,65,100,2.71
450,Bandarbeyla,SO,2022-03-20 04:23:04,9.4942,50.8122,77.85,69,5,7.67
451,Dawei,MM,2022-03-20 04:23:05,14.0833,98.2,82.96,73,100,3.42
452,Baruun-Urt,MN,2022-03-20 04:23:05,46.6806,113.2792,22.06,39,17,8.75
453,Kavaratti,IN,2022-03-20 04:23:06,10.5669,72.642,82.99,66,83,11.5
454,Kloulklubed,PW,2022-03-20 04:23:07,7.0419,134.2556,84.7,78,81,15.75
455,Ivanava,BY,2022-03-20 04:23:07,52.1451,25.5365,29.61,67,2,4.81
456,Lincoln,US,2022-03-20 04:22:05,40.8,-96.667,51.03,51,0,1.99
457,Palm Springs,US,2022-03-20 04:19:43,33.8303,-116.5453,69.64,50,0,8.05
458,Palmer,US,2022-03-20 04:24:08,42.1584,-72.3287,54.0,87,100,1.01
459,Willowmore,ZA,2022-03-20 04:24:10,-33.2926,23.4895,64.53,83,0,5.14
460,La Rioja,ES,2022-03-20 04:24:10,42.25,-2.5,40.78,89,21,5.84
461,Beyneu,KZ,2022-03-20 04:24:11,45.3167,55.2,25.79,48,1,9.89
462,Newtownards,GB,2022-03-20 04:24:12,54.5924,-5.6909,44.55,74,0,6.91
463,Noumea,NC,2022-03-20 04:24:12,-22.2763,166.4572,84.99,99,100,11.86
464,Udachnyy,RU,2022-03-20 04:19:32,66.4167,112.4,14.45,72,100,10.74
465,Tiksi,RU,2022-03-20 04:24:13,71.6872,128.8694,10.51,77,100,24.79
466,Nambour,AU,2022-03-20 04:24:14,-26.6333,152.95,79.88,70,76,4.0
467,Disna,BY,2022-03-20 04:24:15,55.568,28.1971,30.07,91,8,4.41
468,Novobiryusinskiy,RU,2022-03-20 04:24:15,56.9578,97.7076,23.02,88,100,12.21
469,Prince Rupert,CA,2022-03-20 04:24:16,54.3161,-130.3201,35.29,93,100,24.16
470,Genhe,CN,2022-03-20 04:24:17,50.7833,121.5167,20.37,45,97,6.44
471,Hailar,CN,2022-03-20 04:24:17,49.2,119.7,16.32,72,100,2.75
472,Armizonskoye,RU,2022-03-20 04:24:18,55.9461,67.6736,14.97,94,99,14.99
473,Marystown,CA,2022-03-20 04:24:19,47.1666,-55.1483,28.85,100,90,5.26
474,Birzai,LT,2022-03-20 04:24:19,56.2,24.75,33.19,87,5,2.57
475,Hoi An,VN,2022-03-20 04:23:19,15.8794,108.335,82.36,69,88,6.22
476,Panalingaan,PH,2022-03-20 04:24:20,8.7842,117.4231,89.04,58,92,3.78
477,Billings,US,2022-03-20 04:22:56,45.7833,-108.5007,55.17,29,75,6.91
478,Houma,US,2022-03-20 04:21:35,29.5958,-90.7195,55.99,59,0,6.91
479,Mokhsogollokh,RU,2022-03-20 04:24:21,61.4681,128.9203,14.7,70,88,4.18
480,Kununurra,AU,2022-03-20 04:24:22,-15.7667,128.7333,96.78,46,97,5.75
481,Keetmanshoop,NA,2022-03-20 04:24:22,-26.5833,18.1333,63.52,94,0,5.75
482,High Level,CA,2022-03-20 04:24:23,58.5169,-117.136,37.51,60,40,9.22
483,Kulhudhuffushi,MV,2022-03-20 04:24:24,6.6221,73.07,83.43,70,1,14.58
484,Mitsamiouli,KM,2022-03-20 04:24:24,-11.3847,43.2844,80.89,89,40,6.91
485,Gavrilovka Vtoraya,RU,2022-03-20 04:21:11,52.877,42.7663,16.07,100,88,7.74
486,Arzgir,RU,2022-03-20 04:24:25,45.3728,44.2206,24.26,65,0,7.72
487,Leshukonskoye,RU,2022-03-20 04:24:26,64.8989,45.7622,32.09,81,89,11.01
488,Chokwe,MZ,2022-03-20 04:24:26,-24.5333,32.9833,64.67,92,51,3.47
489,Pemangkat,ID,2022-03-20 04:24:27,1.1667,108.9667,86.4,63,56,3.44
490,Eureka,US,2022-03-20 04:24:27,40.8021,-124.1637,47.93,78,10,11.01
491,Tazovskiy,RU,2022-03-20 04:20:25,67.4667,78.7,21.16,95,99,10.83
492,Cerknica,SI,2022-03-20 04:24:28,45.7931,14.3625,35.71,59,5,15.01
493,Siverek,TR,2022-03-20 04:24:29,37.755,39.3167,23.22,76,20,5.55
494,Iberia,US,2022-03-20 04:24:29,29.9502,-91.7507,56.97,62,0,3.44
495,Vila Franca Do Campo,PT,2022-03-20 04:24:30,37.7167,-25.4333,55.81,69,73,6.17
496,Khovu-Aksy,RU,2022-03-20 04:24:31,51.1333,93.6,16.99,78,70,2.33
497,Pine Bluff,US,2022-03-20 04:24:32,34.2284,-92.0032,55.33,58,0,0.0
498,Huntsville,US,2022-03-20 04:21:00,34.7304,-86.5861,44.96,87,0,0.0
499,Pisco,PE,2022-03-20 04:24:32,-13.7,-76.2167,69.85,88,0,2.3
500,San Cristobal,VE,2022-03-20 04:25:33,7.7669,-72.225,69.98,83,69,2.08
501,Igrim,RU,2022-03-20 04:25:33,63.1906,64.4162,25.92,90,100,12.57
502,Usinsk,RU,2022-03-20 04:24:15,65.9939,57.5281,29.77,95,100,33.78
503,Thohoyandou,ZA,2022-03-20 04:25:34,-22.9456,30.485,56.71,90,31,2.42
504,San Carlos Del Zulia,VE,2022-03-20 04:25:35,9.0,-71.9135,75.99,85,14,4.54
505,Cidreira,BR,2022-03-20 04:25:35,-30.1811,-50.2056,65.62,84,40,7.05
506,Narasannapeta,IN,2022-03-20 04:25:36,18.4167,84.05,85.55,54,25,7.05
507,Bulgan,MN,2022-03-20 04:25:37,48.8125,103.5347,22.78,50,32,3.29
508,Ekibastuz,KZ,2022-03-20 04:25:37,51.6667,75.3667,10.83,88,71,6.69
509,Kamina,CD,2022-03-20 04:25:38,-8.7386,24.9906,62.65,96,100,2.66
510,Nortelandia,BR,2022-03-20 04:25:38,-14.4547,-56.8028,72.63,97,68,1.61
511,Kouroussa,GN,2022-03-20 04:25:39,10.65,-9.8833,77.14,66,99,5.39
512,Solikamsk,RU,2022-03-20 04:25:39,59.6196,56.7729,29.08,91,100,9.73
513,Flinders,AU,2022-03-20 04:25:40,-34.5833,150.8552,79.18,65,0,4.0
514,Opuwo,NA,2022-03-20 04:25:40,-18.0607,13.84,70.63,45,57,5.28
515,Jardim,BR,2022-03-20 04:25:41,-21.4803,-56.1381,71.38,98,100,4.76
516,Aykhal,RU,2022-03-20 04:25:41,66.0,111.5,13.59,90,100,13.29
517,Manado,ID,2022-03-20 04:25:42,1.487,124.8455,75.97,94,40,2.3
518,Touros,BR,2022-03-20 04:21:46,-5.1989,-35.4608,77.97,84,99,9.19
519,Boguchany,RU,2022-03-20 04:25:43,58.3814,97.4531,25.56,88,100,13.4
520,Saldanha,ZA,2022-03-20 04:25:43,-33.0117,17.9442,66.25,86,32,8.43
521,Champerico,GT,2022-03-20 04:25:44,14.3,-91.9167,81.32,67,3,3.42
522,Rosarito,MX,2022-03-20 04:20:57,32.3333,-117.0333,59.09,78,100,6.24
523,Taoudenni,ML,2022-03-20 04:25:45,22.6783,-3.9836,70.41,21,1,12.73
524,Cristalina,BR,2022-03-20 04:25:45,-16.7686,-47.6136,61.5,73,45,1.92
525,Chake Chake,TZ,2022-03-20 04:25:46,-5.2459,39.7666,77.0,83,74,3.38
526,Luwuk,ID,2022-03-20 04:24:11,-0.9516,122.7875,84.65,76,100,2.17
527,Qiongshan,CN,2022-03-20 04:25:47,20.0058,110.3542,85.98,74,75,8.95
528,Manadhoo,MV,2022-03-20 04:25:47,5.7667,73.3833,83.64,69,8,14.23
529,Tetouan,MA,2022-03-20 04:25:48,35.5711,-5.3724,57.97,82,100,20.71
530,Solwezi,ZM,2022-03-20 04:25:49,-12.1688,26.3894,58.68,99,68,3.89
531,Arkhara,RU,2022-03-20 04:25:49,49.4212,130.0842,20.05,76,97,3.44
532,Saurimo,AO,2022-03-20 04:25:50,-9.6608,20.3916,62.62,98,31,3.13
533,Gazojak,TM,2022-03-20 04:25:50,41.1875,61.4036,35.58,47,60,15.26
534,Matara,LK,2022-03-20 04:25:51,5.9485,80.5353,83.61,73,40,13.94
535,Tortoman,RO,2022-03-20 04:25:51,44.35,28.2167,25.66,50,0,8.72
536,Linxia,CN,2022-03-20 04:25:52,35.6003,103.2064,50.58,36,66,5.01
537,Mehamn,NO,2022-03-20 04:25:52,71.0357,27.8492,34.38,68,100,29.77
538,Temnikov,RU,2022-03-20 04:25:53,54.6302,43.2148,21.97,97,43,5.77
539,Maniitsoq,GL,2022-03-20 04:25:54,65.4167,-52.9,-11.85,91,95,6.13
